{"cameraMode":{"drawMode":0,"name":"Shaded","section":"Shading Mode"},"sceneLighting":true,"audioPlay":false,"sceneViewState":{"m_AlwaysRefresh":false,"showFog":true,"showSkybox":true,"showFlares":true,"showImageEffects":true,"showParticleSystems":true,"showVisualEffectGraphs":true,"m_FxEnabled":true},"in2DMode":false,"pivot":{"x":-45.20000076293945,"y":-0.45438823103904726,"z":12.699999809265137},"rotation":{"x":0.7331125736236572,"y":-0.0030604375060647728,"z":0.0032990288455039264,"w":0.6800925731658936},"size":48.68333435058594,"orthographic":true}