{"cameraMode":{"drawMode":0,"name":"Shaded","section":"Shading Mode"},"sceneLighting":true,"audioPlay":false,"sceneViewState":{"m_AlwaysRefresh":false,"showFog":true,"showSkybox":true,"showFlares":true,"showImageEffects":true,"showParticleSystems":true,"showVisualEffectGraphs":true,"m_FxEnabled":true},"in2DMode":false,"pivot":{"x":-37.974727630615237,"y":0.9106736183166504,"z":-40.50816345214844},"rotation":{"x":0.4880118668079376,"y":-0.10837996751070023,"z":0.06122203543782234,"w":0.8639159202575684},"size":1.8223482370376588,"orthographic":false}